<?xml version="1.0" encoding="UTF-8"?>

<!DOCTYPE mapper
  PUBLIC "-//mybatis.org//DTD Mapper 3.0//EN"
  "http://mybatis.org/dtd/mybatis-3-mapper.dtd">

  	<mapper namespace="com.spring_boot_wattflix.project.dao.IMemberDAO">
  	<!-- Resultmap 작성할 것 -->
  
  	<!-- 회원 가입  -->
	<insert id="insertMember" parameterType="com.spring_boot_wattflix.project.model.MemberVO">
		INSERT member (memId, memPwd, memNickname, memBirth, memHp, memZipcode, memAddress1, memAddress2, memGenre)
		VALUES(#{memId}, #{memPwd}, #{memNickname}, #{memBirth}, #{memHp}, #{memZipcode}, #{memAddress1}, #{memAddress2}, #{memGenre})
	</insert>
  
  <!-- 로그인 확인 -->
   <select id="loginCheck" parameterType="hashmap" resultType="string">
		SELECT memId FROM member WHERE memId=#{memId} and memPwd=#{memPwd}
  </select>
  
  <!-- 회원 탈퇴 -->
 	<delete id="deleteMember" parameterType="string">
		DELETE FROM member WHERE memId = #{memId} AND memPwd = #{memPwd} 
	</delete>
    <!-- 회원 정보 수정 -->
  
<!--      <update id="memberUpdate" parameterType="com.spring_boot_wattflix.project.model.MemberVO">
  	UPDATE member
  	SET memPwd=#{memPwd}, memNickname=#{memNickname}
  	WHERE memId=#{memId}
  </update>  -->
  
  <!-- 프로필 정보 받기 -->
  <select id="profileView" parameterType="string" resultType="com.spring_boot_wattflix.project.model.MemberVO">
 	 SELECT *
  	FROM member
  	WHERE memId=#{memId}
  </select>
 <!--  <select id="memberList" parameterType="string" resultType="com.spring_boot_wattflix.project.model.MemberVO">
  	SELECT *
  	FROM member
  	WHERE memId=#{memId}
  </select>
 -->  
  
  <!-- 프로필 사진 변경 -->
   <update id="profileUpdate" parameterType="com.spring_boot_wattflix.project.model.MemberVO">
  	UPDATE member
  	SET memPic=#{memPic}
  	WHERE memId=#{memId}
  </update>
  
  <!-- 회원 정보 업데이트 -->
   <update id="memberUpdate" parameterType="com.spring_boot_wattflix.project.model.MemberVO">
  	UPDATE member
  	SET memPwd=#{memPwd}, memNickname=#{memNickname}
  	WHERE memId=#{memId}
  </update>
  
  
  </mapper>