<?xml version="1.0" encoding="UTF-8"?>
<!DOCTYPE mapper
  PUBLIC "-//mybatis.org//DTD Mapper 3.0//EN"
  "http://mybatis.org/dtd/mybatis-3-mapper.dtd">
  
  <mapper namespace="com.spring_boot_wattflix.project.dao.IMovieDAO">
  <resultMap id="movieResult" type="com.spring_boot_wattflix.project.model.MovieVO" >
  		<result property="movieNo" column="movieNo"/>
  		<result property="movieTitle" column="movieTitle"/>
  		<result property="movieGenre" column="movieGenre"/>
  		<result property="moviePoster" column="moviePoster"/>
  		<result property="movieEngTitle" column="movieEngTitle"/>
  		<result property="movieDirector" column="movieDirector"/>
  		<result property="movieActor" column="movieActor"/>
  		<result property="movieRating" column="movieRating"/>
  		<result property="movieOpenDate" column="movieOpenDate"/>
  		<result property="movieDetail" column="movieDetail"/>
  		<result property="movieStillcut" column="movieStillcut"/>
  		<result property="movieTeaser" column="movieTeaser"/>
  	</resultMap>
  	
  	
  	<!-- 전체 영화 출력 -->
  	<select id="listAllMovie" resultMap="movieResult">
  		SELECT * FROM movie ORDER BY movieNo
  	</select>
  	
  	<!-- 영화 상세 정보 조회 -->
  	<select id="detailViewMovie" parameterType="string" resultType="com.spring_boot_wattflix.project.model.MovieVO">
  		SELECT * FROM movie WHERE movieNo=#{movieNo}
 	</select>
 	

 	<!-- 동일 장르 영화 검색 -->
 	<select id="listGenMovie" parameterType="string" resultType="com.spring_boot_wattflix.project.model.MovieVO">
  		SELECT * FROM movie WHERE movieGenre=#{movieGenre}
 	</select>
 	
 	
 	<!-- 오늘의 영화 추천 -->
 	
 	<!-- 액션 장르 추천 -->
 	<select id="RecMovieGenAction" resultMap="movieResult">
 		SELECT * FROM movie WHERE movieGenre LIKE '액션';
 	</select>
 	
 		<!-- 드라마 장르 추천 -->
 	<select id="RecMovieGenDrama" resultMap="movieResult">
 		SELECT * FROM movie WHERE movieGenre LIKE '드라마';
 	</select>
 

	<!-- 평가한 영화 리스트에 추가 -->
	<!-- <select id="insertMovieScore" parameterType="com.spring_boot_wattflix.project.model.MovieScoreVO">
		INSERT INTO moviescores (memId, movieNo, movieScore)
		VALUES(#{memId}, #{movieNo}, #{movieScore})
	</select> -->
	
	<select id="insertMovieScore" parameterType="hashmap">
		INSERT INTO moviescores (memId, movieNo, movieScore)
		VALUES(#{memId}, #{movieNo}, #{movieScore})
	</select>
	
	<!-- 평가한 영화 리스트 출력 -->
	<select id="getMovieScoreInfo" parameterType="string" resultType="com.spring_boot_wattflix.project.model.MovieScoreVO">
		SELECT m.movieTitle, m.moviePoster, ms.movieScore, ms.movieNo
		FROM movie m, moviescores ms
		WHERE m.movieNo = ms.movieNo AND ms.memId=#{memId}
	</select>
  
  

	<select id="movieSearch" parameterType="hashmap" resultMap="movieResult">
  		SELECT * FROM movie WHERE
  		<choose>
  			<when test="type != null and type.equals('movieNo')">
  				movieNo LIKE CONCAT('%', #{keyword}, '%') 
  			</when>
  			<when test="type != null and type.equals('movieTitle')">
  				movieTitle LIKE CONCAT('%', #{keyword}, '%')
  			</when>
  			<when test="type != null and type.equals('movieGenre')">
  				movieGenre LIKE CONCAT('%', #{keyword}, '%')
  			</when>
  			<when test="type != null and type.equals('movieDirector')">
  				movieDirector LIKE CONCAT('%', #{keyword}, '%')
  			</when>
  			<when test="type != null and type.equals('movieActor')">
  				movieActor LIKE CONCAT('%', #{keyword}, '%')
  			</when>
  		</choose>
  	</select>

  </mapper> 

